<products>
    <bar SN="VyfdmYr">
        <fett>27.19</fett>
        <energy>1288.07</energy>
        <kolhydrat>25.96</kolhydrat>
        <protein>39.49</protein>
        <fiber>44.04</fiber>
        <review>
            <reviewer personID="PJ8">
                <date>2014-02-11</date>
                <score>4</score>
            </reviewer>
        </review>
    </bar>


    <bar SN="pQEk83O">
        <fett>6.14</fett>
        <energy>2426.02</energy>
        <kolhydrat>1.4</kolhydrat>
        <protein>23.45</protein>
        <fiber>17.21</fiber>
        <review>
            <reviewer personID="k6Y">
                <date>2000-10-09</date>
                <score>5</score>
            </reviewer>

            <reviewer personID="k6p">
                <date>2000-10-09</date>
                <score>5</score>
            </reviewer>
        </review>
    </bar>
</products>
